<yas>
    <scene root="root" axis_length="1.0" />

    <views default="Scene">  
        <perspective id="Scene" near="0.1" far="500" angle="23">
            <from x="12.0" y="7.5" z="12.0" />
            <to x="0.0" y="4.0" z="0.0" />
        </perspective>  
        <perspective id="Board_1" near="0.1" far="500" angle="23">
            <from x="5.0" y="10.0" z="0.0" />
            <to x="-1.0" y="0.0" z="0.0" />
        </perspective>    
        <perspective id="Board_2" near="0.1" far="500" angle="23">
            <from x="-5.0" y="10.0" z="0.0" />
            <to x="1.0" y="0.0" z="0.0" />
        </perspective>                               
    </views>

    <ambient>        
        <ambient r="0.1" g="0.1" b="0.1" a="1.0" />
        <background r="0.4" g="0.5" b="0.8" a="1.0" />        
    </ambient>

    <lights>
        <omni id="center" enabled="1">            
            <location x="0.0" y="20.0" z="0.0" w="1.0" />
            <ambient r="0.8" g="0.8" b="0.8" a="1.0" />
            <diffuse r="0.8" g="0.8" b="0.8" a="1.0" />
            <specular r="0.8" g="0.8" b="0.8" a="1.0" />
        </omni>

        <spot id="spotA" enabled="1" angle="40" exponent="40.0">
            <location x="3.5" y="5.0" z="3.5" w="1.0" />
            <target x="0.0" y="2.0" z="0.0" />
            <ambient r="0.1" g="0.1" b="0.1" a="1" />
            <diffuse r="1" g="1" b="1" a="1" />
            <specular r="1" g="1" b="1" a="1" />
        </spot>

        <spot id="spotB" enabled="1" angle="40" exponent="40.0">
            <location x="-3.5" y="5.0" z="-3.5" w="1.0" />
            <target x="0.0" y="2.0" z="0.0" />
            <ambient r="0.1" g="0.1" b="0.1" a="1" />
            <diffuse r="1" g="1" b="1" a="1" />
            <specular r="1" g="1" b="1" a="1" />
        </spot>

        <spot id="spotC" enabled="1" angle="40" exponent="40.0">
            <location x="-3.5" y="5.0" z="3.5" w="1.0" />
            <target x="0.0" y="2.0" z="0.0" />
            <ambient r="0.1" g="0.1" b="0.1" a="1" />
            <diffuse r="1" g="1" b="1" a="1" />
            <specular r="1" g="1" b="1" a="1" />
        </spot>

        <spot id="spotD" enabled="1" angle="40" exponent="40.0">
            <location x="-3.5" y="5.0" z="-3.5" w="1.0" />
            <target x="0.0" y="2.0" z="0.0" />
            <ambient r="0.1" g="0.1" b="0.1" a="1" />
            <diffuse r="1" g="1" b="1" a="1" />
            <specular r="1" g="1" b="1" a="1" />
        </spot>
    </lights>

    <textures>
        <texture id="floor" file="images/floor_bw.jpg" />
        <texture id="wallpaper" file="images/whitewall.jpg" />
        <texture id="ceiling" file="images/glass.jpg" />
        <texture id="door" file="images/darkdoor.png" />
        <texture id="window" file="images/window.jpg" />
        <texture id="marble" file="images/marble.jpg" />
        <texture id="darkmarble" file="images/darkmarble.jpg" />
        <texture id="pinkmarble" file="images/pinkmarble.jpg" />
        <texture id="redmarble" file="images/redmarble.jpg" />
        <texture id="bluemarble" file="images/bluemarble.jpg" />
        <texture id="lampshade" file="images/lampshade_bw.jpg" />
        <texture id="pillow" file="images/black_leather.jpg" />
        <texture id="clay" file="images/clay.jpg" />
        <texture id="leaf" file="images/leaf.jpg" />
        <texture id="dirt" file="images/dirt.jpg" />
        <texture id="pink_flower" file="images/pink_flower.png" />
        <texture id="blue_flower" file="images/blue_flower.png" />
        <texture id="yellow_flower" file="images/yellow_flower.png" />
        <texture id="fence" file="images/fence.png" />
        <texture id="column" file="images/column.png" />
        <texture id="base" file="images/base.png" />

    </textures>

    <materials>
        <material id="default" shininess="2.0">            
            <emission r="0.5" g="0.5" b="0.5" a="1.0" />
            <ambient r="0.5" g="0.5" b="0.5" a="1.0" />
            <diffuse r="0.5" g="0.5" b="0.5" a="1.0" />
            <specular r="0.5" g="0.5" b="0.5" a="1.0" />
        </material>

    </materials>

    <transformations>
        <transformation id="xrot90">
            <rotate axis="x" angle="-90" />
        </transformation>
    </transformations>

    <animations>
    </animations>

    <primitives>
        <primitive id="floor">
            <rectangle x1="-10.0" y1="-7.5" x2="10.0" y2="7.5"/>
        </primitive>

        <primitive id="large_wall">
            <rectangle x1="-10.0" y1="0" x2="10.0" y2="8.0"/>
        </primitive>

        <primitive id="small_wall">
            <rectangle x1="-7.5" y1="0" x2="7.5" y2="8.0"/>
        </primitive>

        <primitive id="window">
            <rectangle x1="-4.0" y1="2.0" x2="4.0" y2="6.0"/>
        </primitive>

        <primitive id="fence">
            <rectangle x1="-6.5" y1="0.0" x2="0.5" y2="8.0"/>
        </primitive>

        <primitive id="door">
            <rectangle x1="-2.0" y1="0" x2="2.0" y2="5.0"/>
        </primitive>

        <primitive id="lamp_ceiling">
            <cylinder2 base="1.0" top="0.5" height="1.0" slices="12" stacks="12"/>
        </primitive>

        <primitive id="square">
            <rectangle x1="-0.5" y1="-0.5" x2="0.5" y2="0.5"/>
        </primitive>

        <primitive id="table_leg">
            <cylinder base="0.25" top="0.25" height="2.0" slices="12" stacks="12"/>
        </primitive>

        <primitive id="board">
            <board npartsX="6.0" npartsY="6.0" textureP1="marble" textureP2="darkmarble" textureSelected="pinkmarble" texturePiece1="redmarble" texturePiece2="bluemarble"/>
        </primitive>

        <primitive id="pot">
            <cylinder2 base="0.5" top="1.0" height="2.0" slices="12" stacks="12"/>
        </primitive>

        <primitive id="dirt">
            <cylinder base="1.0" top="1.0" height="0.01" slices="12" stacks="12"/>
        </primitive>

        <primitive id="rim">             
            <torus inner="0.1" outer="1.05" slices="40" loops="40" />
        </primitive>

        <primitive id="plant">
            <plant/>
        </primitive>

        <primitive id="column_tall">
            <cylinder base="0.5" top="0.5" height="5.0" slices="12" stacks="12"/>
        </primitive>

        <primitive id="column_medium">
            <cylinder base="0.5" top="0.5" height="4.0" slices="12" stacks="12"/>
        </primitive>

        <primitive id="column_small">
            <cylinder base="0.5" top="0.5" height="3.0" slices="12" stacks="12"/>
        </primitive>
    </primitives>

    <components>            
        <component id="root">
            <transformation>
            </transformation>

            <materials>
                <material id="default" />
            </materials>

            <texture id="none" length_s="1.0" length_t="1.0" />

            <children>
                <componentref id="floor" />
                <componentref id="walls" />
                <componentref id="ceiling" />
                <componentref id="window" />
                <componentref id="fence" />
                <componentref id="door" />
                <componentref id="lamp_ceiling" />
                <componentref id="table_center" />
                <componentref id="board" />
                <componentref id="vases" />
                <componentref id="columns" />
            </children>
        </component>

        <component id="floor">
            <transformation>
                <transformationref id="xrot90"/>
            </transformation>

            <materials>
                <material id="default" />
            </materials>

            <texture id="floor" length_s="3" length_t="3" />

            <children>
                <primitiveref id="floor" />
            </children>
        </component>

        <component id="ceiling">
            <transformation>
                <translate x="0.0" y="8.0" z="0.0"/>
                <rotate axis="x" angle="90" />
            </transformation>

            <materials>
                <material id="default" />
            </materials>

            <texture id="ceiling" length_s="20" length_t="15" />

            <children>
                <primitiveref id="floor" />
            </children>
        </component>

        <component id="walls">
            <transformation>
            </transformation>

            <materials>
                <material id="default" />
            </materials>

            <texture id="wallpaper" length_s="4" length_t="4" />

            <children>
                <componentref id="large_wall_1" />
                <componentref id="large_wall_2" />
                <componentref id="small_wall_1" />
                <componentref id="small_wall_2" />
            </children>
        </component>

        <component id="large_wall_1">
            <transformation>
                <translate x="0.0" y="0" z="-7.5"/>
            </transformation>

            <materials>
                <material id="default" />
            </materials>

            <texture id="inherit" length_s="4" length_t="4" />

            <children>
                <primitiveref id="large_wall"/>
            </children>
        </component>

        <component id="large_wall_2">
            <transformation>
                <rotate axis="y" angle="180"/>
                <translate x="0.0" y="0" z="-7.5"/>
            </transformation>

            <materials>
                <material id="default" />
            </materials>

            <texture id="inherit" length_s="4" length_t="4" />

            <children>
                <primitiveref id="large_wall"/>
            </children>
        </component>

        <component id="small_wall_1">
            <transformation>
                <rotate axis="y" angle="90"/>
                <translate x="0.0" y="0" z="-10.0"/>
            </transformation>

            <materials>
                <material id="default" />
            </materials>

            <texture id="inherit" length_s="4" length_t="4" />

            <children>
                <primitiveref id="small_wall"/>
            </children>
        </component>

        <component id="small_wall_2">
            <transformation>
                <rotate axis="y" angle="270"/>
                <translate x="0.0" y="0" z="-10.0"/>
            </transformation>

            <materials>
                <material id="default" />
            </materials>

            <texture id="inherit" length_s="4" length_t="4" />

            <children>
                <primitiveref id="small_wall"/>
            </children>
        </component>

        <component id="window">
            <transformation>
                <rotate axis="y" angle="90"/>
                <translate x="0.0" y="0" z="-9.9"/>
            </transformation>

            <materials>
                <material id="default" />
            </materials>

            <texture id="window" length_s="4" length_t="4" />

            <children>
                <primitiveref id="window"/>
            </children>
        </component>

        <component id="door">
            <transformation>
                <rotate axis="y" angle="270"/>
                <translate x="3.0" y="0" z="-9.9"/>
            </transformation>

            <materials>
                <material id="default" />
            </materials>

            <texture id="door" length_s="4" length_t="5" />

            <children>
                <primitiveref id="door"/>
            </children>
        </component>

        <component id="lamp_ceiling">
            <transformation>
                <translate x="0.0" y="7.0" z="0.0"/>
                <rotate axis="x" angle="-90"/>
            </transformation>

            <materials>
                <material id="default" />
            </materials>

            <texture id="lampshade" length_s="5" length_t="6" />

            <children>
                <primitiveref id="lamp_ceiling"/>
            </children>
        </component>

        <component id="table_center">
            <transformation>
                <translate x="0.0" y="2.0" z="0.0"/>
            </transformation>

            <materials>
                <material id="default" />
            </materials>

            <texture id="marble" length_s="1" length_t="1" />

            <children>
                <componentref id="tabletop_center"/>
                <componentref id="table_leg"/>
                <componentref id="center_chair_1"/>
                <componentref id="center_chair_2"/>
            </children>
        </component>

        <component id="tabletop_center">
            <transformation>
                <scale x="4.0" y="0.2" z="5.5"/>
            </transformation>

            <materials>
                <material id="default" />
            </materials>

            <texture id="inherit" length_s="1" length_t="1" />

            <children>
                <componentref id="cube"/>
            </children>
        </component>

        <component id="center_chair_1">
            <transformation>
                <translate x="-2.0" y="0.0" z="0.0"/>
                <rotate axis="y" angle="90"/>
                <translate x="0.0" y="-2.0" z="-0.75"/>
            </transformation>

            <materials>
                <material id="default" />
            </materials>

            <texture id="marble" length_s="1" length_t="1" />

            <children>
                <componentref id="chair"/>
            </children>
        </component>

        <component id="center_chair_2">
            <transformation>
                <translate x="2.0" y="0.0" z="0.0"/>
                <rotate axis="y" angle="-90"/>
                <translate x="0.0" y="-2.0" z="-0.75"/>
            </transformation>

            <materials>
                <material id="default" />
            </materials>

            <texture id="marble" length_s="1" length_t="1" />

            <children>
                <componentref id="chair"/>
            </children>
        </component>

        <component id="tabletop">
            <transformation>
                <scale x="4.0" y="0.2" z="4.0"/>
            </transformation>

            <materials>
                <material id="inherit" />
            </materials>

            <texture id="inherit" length_s="1" length_t="1" />

            <children>
                <componentref id="cube"/>
            </children>
        </component>

        <component id="table_leg">
            <transformation>
                <translate x="0.0" y="-2.0" z="0.0"/>
                <rotate axis="x" angle="-90"/>
            </transformation>

            <materials>
                <material id="inherit" />
            </materials>

            <texture id="inherit" length_s="1" length_t="1" />

            <children>
                <primitiveref id="table_leg"/>
                <componentref id="table_loop_1"/>
                <componentref id="table_loop_2"/>
                <componentref id="table_loop_3"/>
            </children>
        </component>

        <component id="table_loop_1">
            <transformation>
                <scale x="1.5" y="1.5" z="0.25"/>
            </transformation>

            <materials>
                <material id="inherit" />
            </materials>

            <texture id="inherit" length_s="1" length_t="1" />

            <children>
                <primitiveref id="table_leg"/>
            </children>
        </component>

        <component id="table_loop_2">
            <transformation>
                <scale x="2.0" y="2.0" z="0.15"/>
            </transformation>

            <materials>
                <material id="inherit" />
            </materials>

            <texture id="inherit" length_s="1" length_t="1" />

            <children>
                <primitiveref id="table_leg"/>
            </children>
        </component>

        <component id="table_loop_3">
            <transformation>
                <scale x="2.5" y="2.5" z="0.05"/>
            </transformation>

            <materials>
                <material id="inherit" />
            </materials>

            <texture id="inherit" length_s="1" length_t="1" />

            <children>
                <primitiveref id="table_leg"/>
            </children>
        </component>

        <component id="chair">
            <transformation>
            </transformation>

            <materials>
                <material id="default" />
            </materials>

            <texture id="none" length_s="1" length_t="1" />

            <children>
                <componentref id="chair_back"/>
                <componentref id="chair_seat"/>
                <componentref id="chair_legs"/>
            </children>
        </component>

        <component id="chair_back">
            <transformation>
                <translate x="0.0" y="1.5" z="0.0"/>
                <scale x="1.5" y="2.25" z="0.25"/>
            </transformation>

            <materials>
                <material id="default" />
            </materials>

            <texture id="darkmarble" length_s="1" length_t="1" />

            <children>
                <componentref id="cube"/>
                <componentref id="back_pillow"/>
            </children>
        </component>

        <component id="back_pillow">
            <transformation>
                <translate x="0.0" y="0.05" z="1.0"/>
                <scale x="0.9" y="0.9" z="1.0"/>
            </transformation>

            <materials>
                <material id="default" />
            </materials>

            <texture id="pillow" length_s="1" length_t="1" />

            <children>
                <componentref id="cube"/>
            </children>
        </component>

        <component id="chair_seat">
            <transformation>
                <translate x="0.0" y="1.5" z="-0.125"/>
                <rotate axis="y" angle="180"/>
                <rotate axis="x" angle="-90"/>
                <scale x="1.5" y="1.75" z="0.25"/>
            </transformation>

            <materials>
                <material id="default" />
            </materials>

            <texture id="darkmarble" length_s="1" length_t="1" />

            <children>
                <componentref id="cube"/>
                <componentref id="seat_pillow"/>
            </children>
        </component>

        <component id="seat_pillow">
            <transformation>
                <translate x="0.0" y="0.05" z="1.0"/>
                <scale x="0.9" y="0.9" z="1.0"/>
            </transformation>

            <materials>
                <material id="default" />
            </materials>

            <texture id="pillow" length_s="1" length_t="1" />

            <children>
                <componentref id="cube"/>
            </children>
        </component>

        <component id="chair_legs">
            <transformation>
                <translate x="0.0" y="1.5" z="0.75"/>
                <scale x="0.75" y="0.75" z="0.75"/>
            </transformation>

            <materials>
                <material id="default" />
            </materials>

            <texture id="darkmarble" length_s="1" length_t="1" />

            <children>
                <componentref id="table_leg"/>
            </children>
        </component>

        <component id="cube">
            <transformation>
            </transformation>

            <materials>
                <material id="inherit" />
            </materials>

            <texture id="inherit" length_s="1" length_t="1" />

            <children>
                <componentref id="square_1"/>
                <componentref id="square_2"/>
                <componentref id="square_3"/>
                <componentref id="square_4"/>
                <componentref id="square_5"/>
                <componentref id="square_6"/>
            </children>
        </component>

        <component id="square_1">
            <transformation>
                <rotate axis="x" angle="90"/>
            </transformation>

            <materials>
                <material id="inherit" />
            </materials>

            <texture id="inherit" length_s="1" length_t="1" />

            <children>
                <primitiveref id="square"/>
            </children>
        </component>

        <component id="square_2">
            <transformation>
                <translate x="0.0" y="1.0" z="0.0"/>
                <rotate axis="x" angle="-90"/>
            </transformation>

            <materials>
                <material id="inherit" />
            </materials>

            <texture id="inherit" length_s="1" length_t="1" />

            <children>
                <primitiveref id="square"/>
            </children>
        </component>

        <component id="square_3">
            <transformation>
                <translate x="0.0" y="0.5" z="-0.5"/>
                <rotate axis="y" angle="180"/>
            </transformation>

            <materials>
                <material id="inherit" />
            </materials>

            <texture id="inherit" length_s="1" length_t="1" />

            <children>
                <primitiveref id="square"/>
            </children>
        </component>

        <component id="square_4">
            <transformation>
                <translate x="0.0" y="0.5" z="0.5"/>
            </transformation>

            <materials>
                <material id="inherit" />
            </materials>

            <texture id="inherit" length_s="1" length_t="1" />

            <children>
                <primitiveref id="square"/>
            </children>
        </component>

        <component id="square_5">
            <transformation>
                <rotate axis="y" angle="90"/>
                <translate x="0.0" y="0.5" z="-0.5"/>
                <rotate axis="y" angle="180"/>
            </transformation>

            <materials>
                <material id="inherit" />
            </materials>

            <texture id="inherit" length_s="1" length_t="1" />

            <children>
                <primitiveref id="square"/>
            </children>
        </component>

        <component id="square_6">
            <transformation>
                <rotate axis="y" angle="90"/>
                <translate x="0.0" y="0.5" z="0.5"/>
            </transformation>

            <materials>
                <material id="inherit" />
            </materials>

            <texture id="inherit" length_s="1" length_t="1" />

            <children>
                <primitiveref id="square"/>
            </children>
        </component>

        <component id="board">
            <transformation>
                <scale x="3.5" y="1.0" z="3.5"/>
                <translate x="0.0" y="2.21" z="0.0"/>
                <rotate axis="x" angle="-90"/>
            </transformation>

            <materials>
                <material id="inherit" />
            </materials>

            <texture id="inherit" length_s="1" length_t="1" />

            <children>
                <primitiveref id="board"/>
            </children>
        </component>

         <component id="vases">
            <transformation>
            </transformation>

            <materials>
                <material id="inherit" />
            </materials>

            <texture id="inherit" length_s="1" length_t="1" />

            <children>
                <componentref id="vase_pink"/>
                <componentref id="vase_blue"/>
            </children>
        </component>

        <component id="vase_pink">
            <transformation>
                <translate x="-7.0" y="0.0" z="5.0"/>
                <rotate axis="y" angle="45"/>
                <rotate axis="x" angle="-90"/>
                <scale x="0.9" y="1.0" z="0.9"/>
            </transformation>

            <materials>
                <material id="inherit" />
            </materials>

            <texture id="pink_flower" length_s="1" length_t="1" />

            <children>
                <componentref id="pot"/>
                <componentref id="dirt"/>
                <componentref id="rim"/>
                <componentref id="plant"/>
                <componentref id="flower_1"/>
                <componentref id="flower_2"/>
                <componentref id="flower_3"/>
            </children>
        </component>

        <component id="vase_yellow">
            <transformation>
                <translate x="-7.0" y="0.0" z="5.0"/>
                <rotate axis="y" angle="45"/>
                <rotate axis="x" angle="-90"/>
                <scale x="0.9" y="1.0" z="0.9"/>
            </transformation>

            <materials>
                <material id="inherit" />
            </materials>

            <texture id="yellow_flower" length_s="1" length_t="1" />

            <children>
                <componentref id="pot"/>
                <componentref id="dirt"/>
                <componentref id="rim"/>
                <componentref id="plant"/>
                <componentref id="flower_1"/>
                <componentref id="flower_2"/>
                <componentref id="flower_3"/>
            </children>
        </component>

        <component id="vase_blue">
            <transformation>
                <translate x="-7.0" y="0.0" z="-5.0"/>
                <rotate axis="y" angle="45"/>
                <rotate axis="x" angle="-90"/>
                <scale x="0.9" y="1.0" z="0.9"/>
            </transformation>

            <materials>
                <material id="inherit" />
            </materials>

            <texture id="blue_flower" length_s="1" length_t="1" />

            <children>
                <componentref id="pot"/>
                <componentref id="dirt"/>
                <componentref id="rim"/>
                <componentref id="plant"/>
                <componentref id="flower_1"/>
                <componentref id="flower_2"/>
                <componentref id="flower_3"/>
            </children>
        </component>

        <component id="pot">
            <transformation>
            </transformation>

            <materials>
                <material id="inherit" />
            </materials>

            <texture id="clay" length_s="1" length_t="1" />

            <children>
                <primitiveref id="pot"/>
            </children>
        </component>

        <component id="dirt">
            <transformation>
                <translate x="0.0" y="0.0" z="2.0"/>
            </transformation>

            <materials>
                <material id="inherit" />
            </materials>

            <texture id="dirt" length_s="1" length_t="1" />

            <children>
                <primitiveref id="dirt"/>
            </children>
        </component>

        <component id="rim">
            <transformation>
                <translate x="0.0" y="0.0" z="2.0"/>
            </transformation>

            <materials>
                <material id="inherit" />
            </materials>

            <texture id="clay" length_s="1" length_t="1" />

            <children>
                <primitiveref id="rim"/>
            </children>
        </component>

        <component id="plant">
            <transformation>
                <translate x="0.0" y="0.0" z="2.0"/>
                <rotate axis="x" angle="90"/>
            </transformation>

            <materials>
                <material id="inherit" />
            </materials>

            <texture id="leaf" length_s="1" length_t="1" />

            <children>
                <primitiveref id="plant"/>
            </children>
        </component>

        <component id="flower_1">
            <transformation>
                <translate x="0.0" y="0.5" z="2.8"/>
                <scale x="0.2" y="0.2" z="0.2"/>
                <rotate axis="y" angle="-60"/>
            </transformation>

            <materials>
                <material id="default" />
            </materials>

            <texture id="inherit" length_s="1" length_t="1" />

            <children>
                <primitiveref id="plant"/>
            </children>
        </component>

        <component id="flower_2">
            <transformation>
                <translate x="-0.3" y="-1.0" z="3.5"/>
                <scale x="0.2" y="0.2" z="0.2"/>
                <rotate axis="z" angle="180"/>
            </transformation>

            <materials>
                <material id="default" />
            </materials>

            <texture id="inherit" length_s="1" length_t="1" />

            <children>
                <primitiveref id="plant"/>
            </children>
        </component>

        <component id="flower_3">
            <transformation>
                <translate x="0.7" y="0.0" z="2.5"/>
                <scale x="0.2" y="0.2" z="0.2"/>
                <rotate axis="z" angle="180"/>
            </transformation>

            <materials>
                <material id="default" />
            </materials>

            <texture id="inherit" length_s="1" length_t="1" />

            <children>
                <primitiveref id="plant"/>
            </children>
        </component>

        <component id="fence">
            <transformation>
                <rotate axis="y" angle="-90"/>
                <translate x="0.0" y="0" z="-9.9"/>
            </transformation>

            <materials>
                <material id="default" />
            </materials>

            <texture id="fence" length_s="4" length_t="4" />

            <children>
                <componentref id="yellow_flowers"/>
                <componentref id="blue_flowers"/>
                <componentref id="pink_flowers"/>
                <primitiveref id="fence"/>
            </children>
        </component>

        <component id="yellow_flowers">
            <transformation>
                <scale x="0.1" y="0.1" z="0.1"/>
                <rotate axis="x" angle="90"/>
            </transformation>

            <materials>
                <material id="default" />
            </materials>

            <texture id="yellow_flower" length_s="1" length_t="1" />

            <children>
                <componentref id="yellow_flower_1"/>
                <componentref id="yellow_flower_2"/>
                <componentref id="yellow_flower_3"/>
            </children>
        </component>

        <component id="yellow_flower_1">
            <transformation>
                <translate x="-8.0" y="0.0" z="-20.0"/>
            </transformation>

            <materials>
                <material id="default" />
            </materials>

            <texture id="inherit" length_s="1" length_t="1" />

            <children>
                <primitiveref id="plant"/>
            </children>
        </component>

        <component id="yellow_flower_2">
            <transformation>
                <translate x="-48.0" y="0.0" z="-26.0"/>
            </transformation>

            <materials>
                <material id="default" />
            </materials>

            <texture id="inherit" length_s="1" length_t="1" />

            <children>
                <primitiveref id="plant"/>
            </children>
        </component>

        <component id="yellow_flower_3">
            <transformation>
                <translate x="-14.0" y="0.0" z="-60.0"/>
            </transformation>

            <materials>
                <material id="default" />
            </materials>

            <texture id="inherit" length_s="1" length_t="1" />

            <children>
                <primitiveref id="plant"/>
            </children>
        </component>

         <component id="pink_flowers">
            <transformation>
                <scale x="0.1" y="0.1" z="0.1"/>
                <rotate axis="x" angle="90"/>
            </transformation>

            <materials>
                <material id="default" />
            </materials>

            <texture id="pink_flower" length_s="1" length_t="1" />

            <children>
                <componentref id="pink_flower_1"/>
                <componentref id="pink_flower_2"/>
                <componentref id="pink_flower_3"/>
            </children>
        </component>

        <component id="pink_flower_1">
            <transformation>
                <translate x="-20.0" y="0.0" z="-30.0"/>
            </transformation>

            <materials>
                <material id="default" />
            </materials>

            <texture id="inherit" length_s="1" length_t="1" />

            <children>
                <primitiveref id="plant"/>
            </children>
        </component>

        <component id="pink_flower_2">
            <transformation>
                <translate x="-55.0" y="0.0" z="-66.0"/>
            </transformation>

            <materials>
                <material id="default" />
            </materials>

            <texture id="inherit" length_s="1" length_t="1" />

            <children>
                <primitiveref id="plant"/>
            </children>
        </component>

        <component id="pink_flower_3">
            <transformation>
                <translate x="-6.0" y="0.0" z="-50.0"/>
            </transformation>

            <materials>
                <material id="default" />
            </materials>

            <texture id="inherit" length_s="1" length_t="1" />

            <children>
                <primitiveref id="plant"/>
            </children>
        </component>

        <component id="blue_flowers">
            <transformation>
                <scale x="0.1" y="0.1" z="0.1"/>
                <rotate axis="x" angle="90"/>
            </transformation>

            <materials>
                <material id="default" />
            </materials>

            <texture id="blue_flower" length_s="1" length_t="1" />

            <children>
                <componentref id="blue_flower_1"/>
                <componentref id="blue_flower_2"/>
                <componentref id="blue_flower_3"/>
            </children>
        </component>

        <component id="blue_flower_1">
            <transformation>
                <translate x="-30.0" y="0.0" z="-10.0"/>
            </transformation>

            <materials>
                <material id="default" />
            </materials>

            <texture id="inherit" length_s="1" length_t="1" />

            <children>
                <primitiveref id="plant"/>
            </children>
        </component>

        <component id="blue_flower_2">
            <transformation>
                <translate x="-25.0" y="0.0" z="-70.0"/>
            </transformation>

            <materials>
                <material id="default" />
            </materials>

            <texture id="inherit" length_s="1" length_t="1" />

            <children>
                <primitiveref id="plant"/>
            </children>
        </component>

        <component id="blue_flower_3">
            <transformation>
                <translate x="-45.0" y="0.0" z="-45.0"/>
            </transformation>

            <materials>
                <material id="default" />
            </materials>

            <texture id="inherit" length_s="1" length_t="1" />

            <children>
                <primitiveref id="plant"/>
            </children>
        </component>

        <component id="columns">
            <transformation>
                <rotate axis="x" angle="-90"/>
            </transformation>

            <materials>
                <material id="default" />
            </materials>

            <texture id="column" length_s="1" length_t="1" />

            <children>
                <componentref id="column_tall"/>
                <componentref id="column_medium"/>
                <componentref id="column_small"/>
            </children>
        </component>

        <component id="column_tall">
            <transformation>
                <translate x="7.5" y="-6.0" z="0.2"/>
            </transformation>

            <materials>
                <material id="default" />
            </materials>

            <texture id="inherit" length_s="1" length_t="1" />

            <children>
                <primitiveref id="column_tall"/>
                <componentref id="column_base"/>
                <componentref id="column_top_tall"/>
                <componentref id="column_tall_vase"/>
            </children>
        </component>

        <component id="column_base">
            <transformation>
                <scale x="1.2" y="1.2" z="0.2"/>
                <translate x="0.0" y="-0.5" z="0.0"/>
            </transformation>

            <materials>
                <material id="default" />
            </materials>

            <texture id="base" length_s="1" length_t="1" />

            <children>
                <componentref id="cube"/>
            </children>
        </component>

        <component id="column_top_tall">
            <transformation>
                <scale x="1.2" y="1.2" z="0.2"/>
                <translate x="0.0" y="-0.5" z="25.0"/>
            </transformation>

            <materials>
                <material id="default" />
            </materials>

            <texture id="base" length_s="1" length_t="1" />

            <children>
                <componentref id="cube"/>
            </children>
        </component>

        <component id="column_tall_vase">
            <transformation>
                <rotate axis="x" angle="90"/>
                <scale x="0.4" y="0.4" z="0.4"/>
                <translate x="7.0" y="12.5" z="-5.0"/>
            </transformation>

            <materials>
                <material id="default" />
            </materials>

            <texture id="base" length_s="1" length_t="1" />

            <children>
                <componentref id="vase_pink"/>
            </children>
        </component>

        <component id="column_medium">
            <transformation>
                <translate x="5.5" y="-6.0" z="0.2"/>
            </transformation>

            <materials>
                <material id="default" />
            </materials>

            <texture id="inherit" length_s="1" length_t="1" />

            <children>
                <primitiveref id="column_medium"/>
                <componentref id="column_base"/>
                <componentref id="column_top_medium"/>
                <componentref id="column_medium_vase"/>
            </children>
        </component>

        <component id="column_top_medium">
            <transformation>
                <scale x="1.2" y="1.2" z="0.2"/>
                <translate x="0.0" y="-0.5" z="20.0"/>
            </transformation>

            <materials>
                <material id="default" />
            </materials>

            <texture id="base" length_s="1" length_t="1" />

            <children>
                <componentref id="cube"/>
            </children>
        </component>

        <component id="column_medium_vase">
            <transformation>
                <rotate axis="x" angle="90"/>
                <scale x="0.4" y="0.4" z="0.4"/>
                <translate x="7.0" y="10.0" z="-5.0"/>
            </transformation>

            <materials>
                <material id="default" />
            </materials>

            <texture id="base" length_s="1" length_t="1" />

            <children>
                <componentref id="vase_yellow"/>
            </children>
        </component>

        <component id="column_small">
            <transformation>
                <translate x="3.5" y="-6.0" z="0.2"/>
            </transformation>

            <materials>
                <material id="default" />
            </materials>

            <texture id="inherit" length_s="1" length_t="1" />

            <children>
                <primitiveref id="column_small"/>
                <componentref id="column_base"/>
                <componentref id="column_top_small"/>
                <componentref id="column_small_vase"/>
            </children>
        </component>

        <component id="column_top_small">
            <transformation>
                <scale x="1.2" y="1.2" z="0.2"/>
                <translate x="0.0" y="-0.5" z="15.0"/>
            </transformation>

            <materials>
                <material id="default" />
            </materials>

            <texture id="base" length_s="1" length_t="1" />

            <children>
                <componentref id="cube"/>
            </children>
        </component>

        <component id="column_small_vase">
            <transformation>
                <rotate axis="x" angle="90"/>
                <scale x="0.4" y="0.4" z="0.4"/>
                <translate x="7.0" y="7.5" z="5.0"/>
            </transformation>

            <materials>
                <material id="default" />
            </materials>

            <texture id="base" length_s="1" length_t="1" />

            <children>
                <componentref id="vase_blue"/>
            </children>
        </component>
    </components>

</yas>