<yas>
    <scene root="root" axis_length="1.0" />

     <views default="Scene">  
        <perspective id="Scene" near="0.1" far="500" angle="23">
            <from x="12.0" y="7.5" z="12.0" />
            <to x="0.0" y="4.0" z="0.0" />
        </perspective>   
        <perspective id="Board_1" near="0.1" far="500" angle="23">
            <from x="5.0" y="10.0" z="0.0" />
            <to x="-1.0" y="0.0" z="0.0" />
        </perspective>    
        <perspective id="Board_2" near="0.1" far="500" angle="23">
            <from x="-5.0" y="10.0" z="0.0" />
            <to x="1.0" y="0.0" z="0.0" />
        </perspective>                          
    </views>

    <ambient>        
        <ambient r="0.1" g="0.1" b="0.1" a="1.0" />
        <background r="0.4" g="0.5" b="0.8" a="1.0" />        
    </ambient>

    <lights>
        <omni id="center" enabled="1">            
            <location x="0.0" y="7.5" z="0.0" w="1.0" />
            <ambient r="0.75" g="0.75" b="0.4" a="1.0" />
            <diffuse r="0.75" g="0.75" b="0.4" a="1.0"  />
            <specular r="0.75" g="0.75" b="0.4" a="1.0"  />
        </omni>

        <spot id="spotA" enabled="0" angle="40" exponent="45.0">
            <location x="3.5" y="5.0" z="3.5" w="1.0" />
            <target x="0.0" y="2.0" z="0.0" />
            <ambient r="0.1" g="0.1" b="0.1" a="1" />
            <diffuse r="1" g="1" b="1" a="1" />
            <specular r="1" g="1" b="1" a="1" />
        </spot>

        <spot id="spotB" enabled="1" angle="40" exponent="40.0">
            <location x="-3.5" y="5.0" z="-3.5" w="1.0" />
            <target x="0.0" y="2.0" z="0.0" />
            <ambient r="0.1" g="0.1" b="0.1" a="1" />
            <diffuse r="1" g="1" b="1" a="1" />
            <specular r="1" g="1" b="1" a="1" />
        </spot>

        <spot id="spotC" enabled="0" angle="40" exponent="30.0">
            <location x="-3.5" y="5.0" z="3.5" w="1.0" />
            <target x="0.0" y="2.0" z="0.0" />
            <ambient r="0.1" g="0.1" b="0.1" a="1" />
            <diffuse r="1" g="1" b="1" a="1" />
            <specular r="1" g="1" b="1" a="1" />
        </spot>

        <spot id="spotD" enabled="1" angle="40" exponent="50.0">
            <location x="-3.5" y="5.0" z="-3.5" w="1.0" />
            <target x="0.0" y="2.0" z="0.0" />
            <ambient r="0.1" g="0.1" b="0.1" a="1" />
            <diffuse r="1" g="1" b="1" a="1" />
            <specular r="1" g="1" b="1" a="1" />
        </spot>
    </lights>

    <textures>
        <texture id="floor" file="images/floor.jpg" />
        <texture id="wallpaper" file="images/wallpaper.jpg" />
        <texture id="ceiling" file="images/ceiling.jpg" />
        <texture id="door" file="images/door.png" />
        <texture id="painting" file="images/painting.jpg" />
        <texture id="wood" file="images/wood.jpg" />
        <texture id="darkwood" file="images/darkwood.jpg" />
        <texture id="whitewood" file="images/whitewood.jpg" />
        <texture id="redwood" file="images/redwood.jpg" />
        <texture id="bluewood" file="images/bluewood.jpg" />
        <texture id="shelf" file="images/shelf.png" />
        <texture id="lampshade" file="images/lampshade.jpg" />
        <texture id="stone" file="images/stone.jpg" />
        <texture id="fireplace" file="images/fireplace.png" />
        <texture id="flag" file="images/flag.png" />
        <texture id="hm" file="images/flag_heightmap.png" />
        <texture id="leather" file="images/leather.jpg" />
        <texture id="book" file="images/book.png" />
        <texture id="pillow" file="images/pillow.gif" />
    </textures>

    <materials>
        <material id="default" shininess="2.0">            
            <emission r="0.5" g="0.5" b="0.5" a="1.0" />
            <ambient r="0.5" g="0.5" b="0.5" a="1.0" />
            <diffuse r="0.5" g="0.5" b="0.5" a="1.0" />
            <specular r="0.5" g="0.5" b="0.5" a="1.0" />
        </material>

    </materials>

    <transformations>
        <transformation id="xrot90">
            <rotate axis="x" angle="-90" />
        </transformation>
    </transformations>

    <animations>
    </animations>

    <primitives>
        <primitive id="floor">
            <rectangle x1="-10.0" y1="-7.5" x2="10.0" y2="7.5"/>
        </primitive>

        <primitive id="large_wall">
            <rectangle x1="-10.0" y1="0" x2="10.0" y2="8.0"/>
        </primitive>

        <primitive id="small_wall">
            <rectangle x1="-7.5" y1="0" x2="7.5" y2="8.0"/>
        </primitive>

        <primitive id="door">
            <rectangle x1="-2.0" y1="0" x2="2.0" y2="5.0"/>
        </primitive>

        <primitive id="painting">
            <rectangle x1="-1.5" y1="0" x2="1.5" y2="2.0"/>
        </primitive>

        <primitive id="shelf_side">
            <rectangle x1="-0.5" y1="0" x2="0.5" y2="6.0"/>
        </primitive>

        <primitive id="shelf_top">
            <rectangle x1="-0.5" y1="0" x2="0.5" y2="5.0"/>
        </primitive>

        <primitive id="shelf_front">
            <rectangle x1="-2.5" y1="0" x2="2.5" y2="6.0"/>
        </primitive>

        <primitive id="lamp_ceiling">
            <cylinder2 base="1.0" top="0.5" height="1.0" slices="12" stacks="12"/>
        </primitive>

        <primitive id="fireplace_front">
            <rectangle x1="-2.5" y1="0" x2="2.5" y2="4.0"/>
        </primitive>

        <primitive id="fireplace_side">
            <rectangle x1="-0.5" y1="0" x2="0.5" y2="4.0"/>
        </primitive>

        <primitive id="fireplace_top">
            <rectangle x1="-0.5" y1="0" x2="0.5" y2="5.0"/>
        </primitive>

        <primitive id="fireplace_chimney">
            <cylinder base="2.0" top="1.5" height="4.0" slices="12" stacks="12"/>
        </primitive>

        <primitive id="flag">
            <terrain idtexture="flag" idheightmap="hm" parts="50" heightscale="0.7" />
        </primitive>

        <primitive id="square">
            <rectangle x1="-0.5" y1="-0.5" x2="0.5" y2="0.5"/>
        </primitive>

        <primitive id="table_leg">
            <cylinder base="0.25" top="0.25" height="2.0" slices="12" stacks="12"/>
        </primitive>

        <primitive id="board">
            <board npartsX="6.0" npartsY="6.0" textureP1="wood" textureP2="darkwood" textureSelected="whitewood" texturePiece1="redwood" texturePiece2="bluewood"/>
        </primitive>
    </primitives>

    <components>            
        <component id="root">
            <transformation>
            </transformation>

            <materials>
                <material id="default" />
            </materials>

            <texture id="none" length_s="1.0" length_t="1.0" />

            <children>
                <componentref id="floor" />
                <componentref id="walls" />
                <componentref id="ceiling" />
                <componentref id="door" />
                <componentref id="painting" />
                <componentref id="shelves" />
                <componentref id="lamp_ceiling" />
                <componentref id="fireplace" />
                <componentref id="flags" />
                <componentref id="table_center" />
                <componentref id="table_side" />
                <componentref id="board" />
            </children>
        </component>

        <component id="floor">
            <transformation>
                <transformationref id="xrot90"/>
            </transformation>

            <materials>
                <material id="default" />
            </materials>

            <texture id="floor" length_s="3" length_t="3" />

            <children>
                <primitiveref id="floor" />
            </children>
        </component>

        <component id="ceiling">
            <transformation>
                <translate x="0.0" y="8.0" z="0.0"/>
                <rotate axis="x" angle="90" />
            </transformation>

            <materials>
                <material id="default" />
            </materials>

            <texture id="ceiling" length_s="20" length_t="15" />

            <children>
                <primitiveref id="floor" />
            </children>
        </component>

        <component id="walls">
            <transformation>
            </transformation>

            <materials>
                <material id="default" />
            </materials>

            <texture id="wallpaper" length_s="4" length_t="4" />

            <children>
                <componentref id="large_wall_1" />
                <componentref id="large_wall_2" />
                <componentref id="small_wall_1" />
                <componentref id="small_wall_2" />
            </children>
        </component>

        <component id="large_wall_1">
            <transformation>
                <translate x="0.0" y="0" z="-7.5"/>
            </transformation>

            <materials>
                <material id="default" />
            </materials>

            <texture id="inherit" length_s="4" length_t="4" />

            <children>
                <primitiveref id="large_wall"/>
            </children>
        </component>

        <component id="large_wall_2">
            <transformation>
                <rotate axis="y" angle="180"/>
                <translate x="0.0" y="0" z="-7.5"/>
            </transformation>

            <materials>
                <material id="default" />
            </materials>

            <texture id="inherit" length_s="4" length_t="4" />

            <children>
                <primitiveref id="large_wall"/>
            </children>
        </component>

        <component id="small_wall_1">
            <transformation>
                <rotate axis="y" angle="90"/>
                <translate x="0.0" y="0" z="-10.0"/>
            </transformation>

            <materials>
                <material id="default" />
            </materials>

            <texture id="inherit" length_s="4" length_t="4" />

            <children>
                <primitiveref id="small_wall"/>
            </children>
        </component>

        <component id="small_wall_2">
            <transformation>
                <rotate axis="y" angle="270"/>
                <translate x="0.0" y="0" z="-10.0"/>
            </transformation>

            <materials>
                <material id="default" />
            </materials>

            <texture id="inherit" length_s="4" length_t="4" />

            <children>
                <primitiveref id="small_wall"/>
            </children>
        </component>

        <component id="door">
            <transformation>
                <rotate axis="y" angle="270"/>
                <translate x="3.0" y="0" z="-9.9"/>
            </transformation>

            <materials>
                <material id="default" />
            </materials>

            <texture id="door" length_s="4" length_t="5" />

            <children>
                <primitiveref id="door"/>
            </children>
        </component>

        <component id="painting">
            <transformation>
                <rotate axis="y" angle="270"/>
                <translate x="-3.5" y="4.0" z="-9.9"/>
            </transformation>

            <materials>
                <material id="default" />
            </materials>

            <texture id="painting" length_s="3" length_t="2" />

            <children>
                <primitiveref id="painting"/>
            </children>
        </component>

        <component id="shelves">
            <transformation>
            </transformation>

            <materials>
                <material id="default" />
            </materials>

            <texture id="none" length_s="1" length_t="1" />

            <children>
                <componentref id="shelf_1"/>
                <componentref id="shelf_2"/>
                <componentref id="shelf_3"/>
                <componentref id="shelf_4"/>
            </children>
        </component>

        <component id="shelf_1">
            <transformation>
                <translate x="-3.5" y="0.0" z="-7.0"/>
                <rotate axis="y" angle="-90"/>
            </transformation>

            <materials>
                <material id="default" />
            </materials>

            <texture id="none" length_s="1" length_t="1" />

            <children>
                <componentref id="shelf"/>
            </children>
        </component>

        <component id="shelf_2">
            <transformation>
                <translate x="2.5" y="0.0" z="-7.0"/>
                <rotate axis="y" angle="-90"/>
            </transformation>

            <materials>
                <material id="default" />
            </materials>

            <texture id="none" length_s="1" length_t="1" />

            <children>
                <componentref id="shelf"/>
            </children>
        </component>

        <component id="shelf_3">
            <transformation>
                <translate x="8.5" y="0.0" z="-7.0"/>
                <rotate axis="y" angle="-90"/>
            </transformation>

            <materials>
                <material id="default" />
            </materials>

            <texture id="none" length_s="1" length_t="1" />

            <children>
                <componentref id="shelf"/>
            </children>
        </component>

        <component id="shelf_4">
            <transformation>
                <translate x="-7.5" y="0.0" z="7.0"/>
                <rotate axis="y" angle="90"/>
            </transformation>

            <materials>
                <material id="default" />
            </materials>

            <texture id="none" length_s="1" length_t="1" />

            <children>
                <componentref id="shelf"/>
            </children>
        </component>

        <component id="shelf">
            <transformation>
            </transformation>

            <materials>
                <material id="default" />
            </materials>

            <texture id="none" length_s="1" length_t="1" />

            <children>
                <componentref id="shelf_top"/>
                <componentref id="shelf_bottom"/>
                <componentref id="shelf_front"/>
                <componentref id="shelf_back"/>
                <componentref id="shelf_left"/>
                <componentref id="shelf_right"/>
            </children>
        </component>

        <component id="shelf_top">
            <transformation>
                <translate x="0.0" y="6.0" z="0.0"/>
                <rotate axis="y" angle="180"/>
                <rotate axis="x" angle="-90"/>
            </transformation>

            <materials>
                <material id="default" />
            </materials>

            <texture id="darkwood" length_s="1" length_t="1" />

            <children>
                <primitiveref id="shelf_top"/>
            </children>
        </component>

        <component id="shelf_bottom">
            <transformation>
                <rotate axis="x" angle="90"/>
            </transformation>

            <materials>
                <material id="default" />
            </materials>

            <texture id="darkwood" length_s="1" length_t="1" />

            <children>
                <primitiveref id="shelf_top"/>
            </children>
        </component>

        <component id="shelf_right">
            <transformation>
                <rotate axis="y" angle="180"/>
            </transformation>

            <materials>
                <material id="default" />
            </materials>

            <texture id="darkwood" length_s="1" length_t="1" />

            <children>
                <primitiveref id="shelf_side"/>
            </children>
        </component>

        <component id="shelf_left">
            <transformation>
                <translate x="0.0" y="0.0" z="5.0"/>
            </transformation>

            <materials>
                <material id="default" />
            </materials>

            <texture id="darkwood" length_s="1" length_t="1" />

            <children>
                <primitiveref id="shelf_side"/>
            </children>
        </component>

        <component id="shelf_back">
            <transformation>
                <rotate axis="y" angle="-90"/>
                <translate x="2.5" y="0.0" z="0.5"/>
            </transformation>

            <materials>
                <material id="default" />
            </materials>

            <texture id="darkwood" length_s="5" length_t="6" />

            <children>
                <primitiveref id="shelf_front"/>
            </children>
        </component>

        <component id="shelf_front">
            <transformation>
                <rotate axis="y" angle="90"/>
                <translate x="-2.5" y="0.0" z="0.5"/>
            </transformation>

            <materials>
                <material id="default" />
            </materials>

            <texture id="shelf" length_s="5" length_t="6" />

            <children>
                <primitiveref id="shelf_front"/>
            </children>
        </component>

        <component id="lamp_ceiling">
            <transformation>
                <translate x="0.0" y="7.0" z="0.0"/>
                <rotate axis="x" angle="-90"/>
            </transformation>

            <materials>
                <material id="default" />
            </materials>

            <texture id="lampshade" length_s="5" length_t="6" />

            <children>
                <primitiveref id="lamp_ceiling"/>
            </children>
        </component>

        <component id="fireplace">
            <transformation>
                <translate x="-9.5" y="0.0" z="-2.5"/>
            </transformation>

            <materials>
                <material id="default" />
            </materials>

            <texture id="none" length_s="1" length_t="1" />

            <children>
                <componentref id="fireplace_front"/>
                <componentref id="fireplace_left"/>
                <componentref id="fireplace_right"/>
                <componentref id="fireplace_top"/>
                <componentref id="fireplace_chimney"/>
            </children>
        </component>

        <component id="fireplace_front">
            <transformation>
                <rotate axis="y" angle="90"/>
                <translate x="-2.5" y="0.0" z="0.5"/>
            </transformation>

            <materials>
                <material id="default" />
            </materials>

            <texture id="fireplace" length_s="5" length_t="4" />

            <children>
                <primitiveref id="fireplace_front"/>
            </children>
        </component>

        <component id="fireplace_left">
            <transformation>
                <rotate axis="y" angle="180"/>
            </transformation>

            <materials>
                <material id="default" />
            </materials>

            <texture id="stone" length_s="1" length_t="1" />

            <children>
                <primitiveref id="fireplace_side"/>
            </children>
        </component>

        <component id="fireplace_right">
            <transformation>
                <translate x="0.0" y="0.0" z="5.0"/>
            </transformation>

            <materials>
                <material id="default" />
            </materials>

            <texture id="stone" length_s="1" length_t="1" />

            <children>
                <primitiveref id="fireplace_side"/>
            </children>
        </component>

        <component id="fireplace_top">
            <transformation>
                <translate x="0.0" y="4.0" z="0.0"/>
                <rotate axis="y" angle="180"/>
                <rotate axis="x" angle="-90"/>
            </transformation>

            <materials>
                <material id="default" />
            </materials>

            <texture id="stone" length_s="1" length_t="1" />

            <children>
                <primitiveref id="fireplace_top"/>
            </children>
        </component>

        <component id="fireplace_chimney">
            <transformation>
                <translate x="-1.5" y="4.0" z="2.5"/>
                <rotate axis="x" angle="-90"/>
            </transformation>

            <materials>
                <material id="default" />
            </materials>

            <texture id="stone" length_s="1" length_t="1" />

            <children>
                <primitiveref id="fireplace_chimney"/>
            </children>
        </component>

        <component id="flags">
            <transformation>
            </transformation>

            <materials>
                <material id="default" />
            </materials>

            <texture id="none" length_s="1" length_t="1" />

            <children>
                <componentref id="flag_1"/>
                <componentref id="flag_2"/>
            </children>
        </component>

        <component id="flag_1">
            <transformation>
                <translate x="-10" y="6.0" z="4.5"/>
                <rotate axis="z" angle="-90"/>
                <rotate axis="y" angle="-90"/>
                <scale x="3.33" y="2.0" z="2.0"/>
            </transformation>

            <materials>
                <material id="default" />
            </materials>

            <texture id="none" length_s="1" length_t="1" />

            <children>
                <primitiveref id="flag"/>
            </children>
        </component>

        <component id="flag_2">
            <transformation>
                <translate x="-10" y="6.0" z="-4.5"/>
                <rotate axis="z" angle="-90"/>
                <rotate axis="y" angle="-90"/>
                <scale x="3.33" y="2.0" z="2.0"/>
            </transformation>

            <materials>
                <material id="default" />
            </materials>

            <texture id="none" length_s="1" length_t="1" />

            <children>
                <primitiveref id="flag"/>
            </children>
        </component>

        <component id="table_center">
            <transformation>
                <translate x="0.0" y="2.0" z="0.0"/>
            </transformation>

            <materials>
                <material id="default" />
            </materials>

            <texture id="wood" length_s="1" length_t="1" />

            <children>
                <componentref id="tabletop_center"/>
                <componentref id="table_leg"/>
                <componentref id="center_chair_1"/>
                <componentref id="center_chair_2"/>
            </children>
        </component>

        <component id="tabletop_center">
            <transformation>
                <scale x="4.0" y="0.2" z="5.5"/>
            </transformation>

            <materials>
                <material id="default" />
            </materials>

            <texture id="inherit" length_s="1" length_t="1" />

            <children>
                <componentref id="cube"/>
            </children>
        </component>

        <component id="center_chair_1">
            <transformation>
                <translate x="-2.0" y="0.0" z="0.0"/>
                <rotate axis="y" angle="90"/>
                <translate x="0.0" y="-2.0" z="-0.75"/>
            </transformation>

            <materials>
                <material id="default" />
            </materials>

            <texture id="wood" length_s="1" length_t="1" />

            <children>
                <componentref id="chair"/>
            </children>
        </component>

        <component id="center_chair_2">
            <transformation>
                <translate x="2.0" y="0.0" z="0.0"/>
                <rotate axis="y" angle="-90"/>
                <translate x="0.0" y="-2.0" z="-0.75"/>
            </transformation>

            <materials>
                <material id="default" />
            </materials>

            <texture id="wood" length_s="1" length_t="1" />

            <children>
                <componentref id="chair"/>
            </children>
        </component>

        <component id="table_side">
            <transformation>
                <translate x="5.0" y="2.0" z="6.5"/>
                <scale x="2.0" y="1.0" z="0.75"/>
            </transformation>

            <materials>
                <material id="default" />
            </materials>

            <texture id="darkwood" length_s="1" length_t="1" />

            <children>
                <componentref id="tabletop"/>
                <componentref id="table_leg"/>
                <componentref id="bookstand"/>
                <componentref id="book"/>
                <componentref id="side_chair"/>
            </children>
        </component>

        <component id="side_chair">
            <transformation>
                <translate x="0.0" y="0.0" z="-2.0"/>
                <!-- <rotate axis="y" angle="90"/> -->
                <translate x="0.0" y="-2.0" z="-0.75"/>
            </transformation>

            <materials>
                <material id="default" />
            </materials>

            <texture id="wood" length_s="1" length_t="1" />

            <children>
                <componentref id="chair"/>
            </children>
        </component>

        <component id="bookstand">
            <transformation>
                <translate x="0.0" y="0.0" z="-1.0"/>
                <rotate axis="x" angle="45"/>
                <scale x="1.25" y="1.75" z="0.25"/>
            </transformation>

            <materials>
                <material id="default" />
            </materials>

            <texture id="darkwood" length_s="1" length_t="1" />

            <children>
                <componentref id="cube"/>
            </children>
        </component>

        <component id="book">
            <transformation>
                <translate x="0.0" y="0.0" z="-1.0"/>
                <rotate axis="x" angle="45"/>
                <scale x="1.25" y="1.75" z="0.25"/>
            </transformation>

            <materials>
                <material id="default" />
            </materials>

            <texture id="none" length_s="1" length_t="1" />

            <children>
                <componentref id="book_cover"/>
                <componentref id="book_pages"/>
            </children>
        </component>

        <component id="book_cover">
            <transformation>
                <translate x="0.0" y="0.0" z="-0.5"/>
                <scale x="0.85" y="0.85" z="0.1"/>
            </transformation>

            <materials>
                <material id="default" />
            </materials>

            <texture id="leather" length_s="1" length_t="1" />

            <children>
                <componentref id="cube"/>
            </children>
        </component>

        <component id="book_pages">
            <transformation>
                <translate x="0.0" y="0.0" z="-1.0"/>
                <scale x="0.75" y="0.75" z="1.0"/>
            </transformation>

            <materials>
                <material id="default" />
            </materials>

            <texture id="book" length_s="1" length_t="1" />

            <children>
                <componentref id="cube"/>
            </children>
        </component>

        <component id="tabletop">
            <transformation>
                <scale x="4.0" y="0.2" z="4.0"/>
            </transformation>

            <materials>
                <material id="inherit" />
            </materials>

            <texture id="inherit" length_s="1" length_t="1" />

            <children>
                <componentref id="cube"/>
            </children>
        </component>

        <component id="table_leg">
            <transformation>
                <translate x="0.0" y="-2.0" z="0.0"/>
                <rotate axis="x" angle="-90"/>
            </transformation>

            <materials>
                <material id="inherit" />
            </materials>

            <texture id="inherit" length_s="1" length_t="1" />

            <children>
                <primitiveref id="table_leg"/>
                <componentref id="table_loop_1"/>
                <componentref id="table_loop_2"/>
                <componentref id="table_loop_3"/>
            </children>
        </component>

        <component id="table_loop_1">
            <transformation>
                <scale x="1.5" y="1.5" z="0.25"/>
            </transformation>

            <materials>
                <material id="inherit" />
            </materials>

            <texture id="inherit" length_s="1" length_t="1" />

            <children>
                <primitiveref id="table_leg"/>
            </children>
        </component>

        <component id="table_loop_2">
            <transformation>
                <scale x="2.0" y="2.0" z="0.15"/>
            </transformation>

            <materials>
                <material id="inherit" />
            </materials>

            <texture id="inherit" length_s="1" length_t="1" />

            <children>
                <primitiveref id="table_leg"/>
            </children>
        </component>

        <component id="table_loop_3">
            <transformation>
                <scale x="2.5" y="2.5" z="0.05"/>
            </transformation>

            <materials>
                <material id="inherit" />
            </materials>

            <texture id="inherit" length_s="1" length_t="1" />

            <children>
                <primitiveref id="table_leg"/>
            </children>
        </component>

        <component id="chair">
            <transformation>
            </transformation>

            <materials>
                <material id="default" />
            </materials>

            <texture id="none" length_s="1" length_t="1" />

            <children>
                <componentref id="chair_back"/>
                <componentref id="chair_seat"/>
                <componentref id="chair_legs"/>
            </children>
        </component>

        <component id="chair_back">
            <transformation>
                <translate x="0.0" y="1.5" z="0.0"/>
                <scale x="1.5" y="2.25" z="0.25"/>
            </transformation>

            <materials>
                <material id="default" />
            </materials>

            <texture id="darkwood" length_s="1" length_t="1" />

            <children>
                <componentref id="cube"/>
                <componentref id="back_pillow"/>
            </children>
        </component>

        <component id="back_pillow">
            <transformation>
                <translate x="0.0" y="0.05" z="1.0"/>
                <scale x="0.9" y="0.9" z="1.0"/>
            </transformation>

            <materials>
                <material id="default" />
            </materials>

            <texture id="pillow" length_s="1" length_t="1" />

            <children>
                <componentref id="cube"/>
            </children>
        </component>

        <component id="chair_seat">
            <transformation>
                <translate x="0.0" y="1.5" z="-0.125"/>
                <rotate axis="y" angle="180"/>
                <rotate axis="x" angle="-90"/>
                <scale x="1.5" y="1.75" z="0.25"/>
            </transformation>

            <materials>
                <material id="default" />
            </materials>

            <texture id="darkwood" length_s="1" length_t="1" />

            <children>
                <componentref id="cube"/>
                <componentref id="seat_pillow"/>
            </children>
        </component>

        <component id="seat_pillow">
            <transformation>
                <translate x="0.0" y="0.05" z="1.0"/>
                <scale x="0.9" y="0.9" z="1.0"/>
            </transformation>

            <materials>
                <material id="default" />
            </materials>

            <texture id="pillow" length_s="1" length_t="1" />

            <children>
                <componentref id="cube"/>
            </children>
        </component>

        <component id="chair_legs">
            <transformation>
                <translate x="0.0" y="1.5" z="0.75"/>
                <scale x="0.75" y="0.75" z="0.75"/>
            </transformation>

            <materials>
                <material id="default" />
            </materials>

            <texture id="darkwood" length_s="1" length_t="1" />

            <children>
                <componentref id="table_leg"/>
            </children>
        </component>

        <component id="cube">
            <transformation>
            </transformation>

            <materials>
                <material id="inherit" />
            </materials>

            <texture id="inherit" length_s="1" length_t="1" />

            <children>
                <componentref id="square_1"/>
                <componentref id="square_2"/>
                <componentref id="square_3"/>
                <componentref id="square_4"/>
                <componentref id="square_5"/>
                <componentref id="square_6"/>
            </children>
        </component>

        <component id="square_1">
            <transformation>
                <rotate axis="x" angle="90"/>
            </transformation>

            <materials>
                <material id="inherit" />
            </materials>

            <texture id="inherit" length_s="1" length_t="1" />

            <children>
                <primitiveref id="square"/>
            </children>
        </component>

        <component id="square_2">
            <transformation>
                <translate x="0.0" y="1.0" z="0.0"/>
                <rotate axis="x" angle="-90"/>
            </transformation>

            <materials>
                <material id="inherit" />
            </materials>

            <texture id="inherit" length_s="1" length_t="1" />

            <children>
                <primitiveref id="square"/>
            </children>
        </component>

        <component id="square_3">
            <transformation>
                <translate x="0.0" y="0.5" z="-0.5"/>
                <rotate axis="y" angle="180"/>
            </transformation>

            <materials>
                <material id="inherit" />
            </materials>

            <texture id="inherit" length_s="1" length_t="1" />

            <children>
                <primitiveref id="square"/>
            </children>
        </component>

        <component id="square_4">
            <transformation>
                <translate x="0.0" y="0.5" z="0.5"/>
            </transformation>

            <materials>
                <material id="inherit" />
            </materials>

            <texture id="inherit" length_s="1" length_t="1" />

            <children>
                <primitiveref id="square"/>
            </children>
        </component>

        <component id="square_5">
            <transformation>
                <rotate axis="y" angle="90"/>
                <translate x="0.0" y="0.5" z="-0.5"/>
                <rotate axis="y" angle="180"/>
            </transformation>

            <materials>
                <material id="inherit" />
            </materials>

            <texture id="inherit" length_s="1" length_t="1" />

            <children>
                <primitiveref id="square"/>
            </children>
        </component>

        <component id="square_6">
            <transformation>
                <rotate axis="y" angle="90"/>
                <translate x="0.0" y="0.5" z="0.5"/>
            </transformation>

            <materials>
                <material id="inherit" />
            </materials>

            <texture id="inherit" length_s="1" length_t="1" />

            <children>
                <primitiveref id="square"/>
            </children>
        </component>

        <component id="board">
            <transformation>
                <scale x="3.5" y="1.0" z="3.5"/>
                <translate x="0.0" y="2.21" z="0.0"/>
                <rotate axis="x" angle="-90"/>
            </transformation>

            <materials>
                <material id="inherit" />
            </materials>

            <texture id="inherit" length_s="1" length_t="1" />

            <children>
                <primitiveref id="board"/>
            </children>
        </component>      
        
    </components>

</yas>