<yas>
    <scene root="root" axis_length="1.0" />

     <views default="3D_view">
        <ortho id="view" near="10.0" far="20.0" left="0.0" right="5.0" top="5.0" bottom="0.0" />

        <perspective id="3D_view" near="10.0" far="20.0" angle="0.0">
            <from x="20.0" y="5.0" z="0.0" />
            <to x="0.0" y="0.0" z="0.0" />
        </perspective>
    </views>

    <ambient>        
        <ambient r="0.9" g="0.7" b="0.7" a="1.0" />
        <background r="0.4" g="0.5" b="0.8" a="1.0" />        
    </ambient>

    <lights>
        <omni id="leftCorner1" enabled="1">            
            <location x="-8.8" y="8.0" z="-12.5" w="1.0" />
            <ambient r="1.0" g="0.5" b="1.0" a="1.0" />
            <diffuse r="0.5" g="0.5" b="0.5" a="1.0" />
            <specular r="0.5" g="1.0" b="0.5" a="1.0" />
        </omni>

        <omni id="leftCorner2" enabled="1">            
            <location x="8.8" y="8.0" z="-12.5" w="1.0" />
            <ambient r="0.5" g="1.0" b="0.5" a="1.0" />
            <diffuse r="0.5" g="0.5" b="0.5" a="1.0" />
            <specular r="0.5" g="0.5" b="0.5" a="1.0" />
        </omni>

        <omni id="rightCorner1" enabled="1">            
            <location x="-4.4" y="8.0" z="12.5" w="1.0" />
            <ambient r="0.5" g="0.5" b="1.0" a="1.0" />
            <diffuse r="0.5" g="0.5" b="0.5" a="1.0" />
            <specular r="0.5" g="0.5" b="0.5" a="1.0" />
        </omni>

        <omni id="rightCorner2" enabled="1">            
            <location x="8.8" y="8.0" z="12.5" w="1.0" />
            <ambient r="0.5" g="1.0" b="1.0" a="1.0" />
            <diffuse r="0.5" g="1.0" b="1.0" a="1.0" />
            <specular r="1.0" g="0.5" b="0.5" a="1.0" />
        </omni>
    </lights>

    <textures>
        <texture id="football" file="images/football_blackWhite.jpg" />
        <texture id="bars" file="images/white.jpg" />
        <texture id="grass" file="images/leaves.jpg" />
        <texture id="ground" file="images/ground.jpg" />
        <texture id="topTexTorus" file="images/torus.jpg" />
        <texture id="flag" file="images/flagCorner.jpg" />
        <texture id="stick" file="images/white.jpg" />
    </textures>

    <materials>
        <material id="field" shininess="2.0">            
            <emission r="0.1" g="1.0" b="0.1" a="1.0" />
            <ambient r="0.8" g="0.8" b="0.8" a="1.0" />
            <diffuse r="1.0" g="1.0" b="1.0" a="1.0" />
            <specular r="1.0" g="1.0" b="1.0" a="1.0" />
        </material>

        <material id="bars" shininess="1.0">             
            <emission r="0.9" g="0.9" b="0.9" a="1.0" />
            <ambient r="0.8" g="0.8" b="0.8" a="1.0" />
            <diffuse r="1.0" g="1.0" b="1.0" a="1.0" />
            <specular r="1.0" g="1.0" b="1.0" a="1.0" />
        </material>

        <material id="ground" shininess="4.0"   >
            <emission r="0.5" g="0.5" b="0.5" a="1.0" />
            <ambient r="0.1" g="0.1" b="0.1" a="1.0" />
            <diffuse r="0.2" g="0.2" b="0.2" a="1.0" />
            <specular r="0.3" g="0.3" b="0.3" a="1.0" />
        </material>

        <material id="white" shininess="1.0" >            
            <emission r="0.9" g="0.9" b="0.9" a="1.0" />
            <ambient r="0.9" g="0.9" b="0.9" a="1.0" />
            <diffuse r="0.6" g="0.6" b="0.6" a="1.0" />
            <specular r="0.6" g="0.6" b="0.6" a="1.0" />
        </material>

    </materials>

    <transformations>
        <transformation id="footballT">
            <translate x="3" y="0.25" z="6" />
        </transformation>
        
        <transformation id="groundRotation">
            <rotate axis="y" angle="90" />
            <rotate axis="x" angle="-90" />
        </transformation>
    </transformations>

    <primitives>
        <primitive id="rectangleField">
            <rectangle x1="-10.5" y1="-6.8" x2="10.5" y2="6.8" /> <!--Field size -->
        </primitive>

        <primitive id="rectangleGround">
           <rectangle x1="-14.0" y1="-9.0" x2="14.0" y2="9.0" />
        </primitive>

        <primitive id="football">
            <sphere radius="0.25" slices="18" stacks="18" />
        </primitive>

        <primitive id="goalFront">     
            <cylinder base="0.2" top="0.2" height="1.8" slices="12" stacks="12" />
        </primitive>
        
        <primitive id="goalBack">
            <cylinder base="0.1" top="0.1" height="1" slices="6" stacks="6" />            
        </primitive>

        <primitive id="triangle">       
            <triangle x1="0.0" y1="0.0" z1="0.0"
                      x2="4.0" y2="0.0" z2="0.0"
                      x3="2.0" y3="0.0" z3="2.5" />
        </primitive>

        <primitive id="box">                
            <box width="0.2" height="0.2" depth="1.0" />
        </primitive>

        <primitive id="torus">             
            <torus inner="2.0" outer="3.0" slices="40" loops="40" />
        </primitive>
    </primitives>

    <components>

        <component id="root">
             <transformation>
                <translate x="0.0" y="0.0" z="0.0" />
            </transformation>

            <materials>
                <material id="ground" />
            </materials>

            <texture id="none" length_s="1.0" length_t="1.0" />

            <children>
                <componentref id="goalLeft" />
                <componentref id="goalRight" />
                <componentref id="field" />                
                <componentref id="topTorus" />
                <componentref id="football" />
                <componentref id="cornerRight1" />
                <componentref id="cornerRight2" />
                <componentref id="cornerLeft1" />
                <componentref id="cornerLeft2" />
            </children>
        </component>
        
        <component id="football">
            <transformation>
                <transformationref id="footballT" />
            </transformation>

            <materials>
                <material id="inherit" />
            </materials>

            <texture id="none" length_s="1.0" length_t="1.0" />

            <children>
                <primitiveref id="football" />
            </children>
        </component>

        <component id="field">
            <transformation>
                <transformationref id="groundRotation" />
            </transformation>

            <materials>
                <material id="field" />
            </materials>

            <texture id="grass" length_s="1.0" length_t="1.0" />

            <children> 
                <primitiveref id="rectangleField" />
            </children>
        </component>

        <component id="ground">
            <transformation>
                <transformationref id="groundRotation" />
            </transformation>

            <materials>
                <material id="ground" />
            </materials>

            <texture id="ground" length_s="1.0" length_t="1.0" />

            <children> 
                <primitiveref id="rectangleGround" />
            </children>
        </component>

        <!-- GOAL INITIAL COMPONENTS -->
        <component id="goal">
            <transformation>
                <translate x="0.0" y="0.0" z="0.0" />
            </transformation>

            <materials> 
                <material id="bars" />
            </materials>

            <texture id="bars" length_s="1.0" length_t="1.0" />

            <children>
                <componentref id="goalFrontBarLeft" />
                <componentref id="goalFrontBarRight" />
                <componentref id="goalFrontTop" />

                <componentref id="goalBack_groundLeft" />
                <componentref id="goalBack_groundRight" />

                <componentref id="goalBack_groundBack" />
                <componentref id="goalBack_TopBack" />

                <componentref id="goalBack_VerticalLeft" />
                <componentref id="goalBack_VerticalRight" />

                <componentref id="goalUpBarLeft" />
                <componentref id="goalUpBarRight" />

            </children>
        </component>

        <component id="goalFrontBarLeft">
            <transformation>
                <translate x="-1.5" y="0.0" z="0.0" />
                <rotate axis="x" angle="-90" />
                <scale x="0.2" y="0.2" z="1.0" />
            </transformation>

            <materials>
                <material id="inherit" />
            </materials>

            <texture id="inherit" length_s="1.0" length_t="1.0" />

            <children>
                <primitiveref id="goalFront" />
            </children>
        </component>

        <component id="goalFrontBarRight">
            <transformation>
                <translate x="1.5" y="0.0" z="0.0" />
                <rotate axis="x" angle="-90" />
                <scale x="0.2" y="0.2" z="1.0" />
            </transformation>

            <materials>
                <material id="inherit" />
            </materials>

            <texture id="inherit" length_s="1.0" length_t="1.0" />

            <children>
                <primitiveref id="goalFront" />
            </children>
        </component>

        <component id="goalFrontTop">
            <transformation>
                <translate x="1.5" y="1.8" z="0.0" />
                <rotate axis="y" angle="-90" />
                <scale x="0.2" y="0.2" z="1.66" />
            </transformation>

            <materials>
                <material id="inherit" />
            </materials>

            <texture id="inherit" length_s="1.0" length_t="1.0" />

            <children>
                <primitiveref id="goalFront" />
            </children>
        </component>

        <component id="goalBack_groundLeft">
            <transformation>
                <translate x="-1.5" y="0.0" z="-1.0" />
                <scale x="0.2" y="0.2" z="1.0" />
            </transformation>

            <materials>
                <material id="inherit" />
            </materials>

            <texture id="inherit" length_s="1.0" length_t="1.0" />

            <children>
                <primitiveref id="goalBack" />
            </children>
        </component>
        
        <component id="goalBack_groundRight">
            <transformation>
                <translate x="1.5" y="0.0" z="-1.0" />
                <scale x="0.2" y="0.2" z="1.0" />
            </transformation>

            <materials>
                <material id="inherit" />
            </materials>

            <texture id="inherit" length_s="1.0" length_t="1.0" />

            <children>
                <primitiveref id="goalBack" />
            </children>
        </component>

        <component id="goalBack_groundBack">
            <transformation>
                <translate x="-1.5" y="0.0" z="-1.0" />
                <rotate axis="y" angle="90" />
                <scale x="0.2" y="0.2" z="3.0" />
            </transformation>

            <materials>
                <material id="inherit" />
            </materials>

            <texture id="inherit" length_s="1.0" length_t="1.0" />

            <children>
                <primitiveref id="goalBack" />
            </children>
        </component>
        
        <component id="goalBack_TopBack">
            <transformation>
                <translate x="0.0" y="1.5" z="0.0" />                
            </transformation>

            <materials>
                <material id="inherit" />
            </materials>

            <texture id="inherit" length_s="1.0" length_t="1.0" />

            <children>
                <componentref id="goalBack_groundBack" />
            </children>
        </component>

        <component id="goalBack_VerticalRight">
            <transformation>
                <translate x="1.5" y="0.0" z="-1.0" />
                <rotate axis="x" angle="-90" />
                <scale x="0.17" y="0.17" z="1.5" />
            </transformation>

            <materials>
                <material id="inherit" />
            </materials>

            <texture id="inherit" length_s="1.0" length_t="1.0" />

            <children>
                <primitiveref id="goalBack" />
            </children>
        </component>
        
        <component id="goalBack_VerticalLeft">
            <transformation>
                <translate x="-1.5" y="0.0" z="-1.0" />
                <rotate axis="x" angle="-90" />
                <scale x="0.17" y="0.17" z="1.5" />
            </transformation>

            <materials>
                <material id="inherit" />
            </materials>

            <texture id="inherit" length_s="1.0" length_t="1.0" />

            <children>
                <primitiveref id="goalBack" />
            </children>
        </component>

        <component id="goalUpBarLeft">
            <transformation>
                <translate x="-1.5" y="1.5" z="-1.0" />
                <rotate axis="x" angle="-17" />             
                <scale x="0.17" y="0.17" z="1.0" />
            </transformation>

            <materials>
                <material id="inherit" />
            </materials>

            <texture id="inherit" length_s="1.0" length_t="1.0" />

            <children>
                <primitiveref id="goalBack" />
            </children>
        </component>
        
        <component id="goalUpBarRight">
            <transformation>
                <translate x="1.5" y="1.5" z="-1.0" />
                <rotate axis="x" angle="-17" />             
                <scale x="0.17" y="0.17" z="1.0" />
            </transformation>

            <materials>
                <material id="inherit" />
            </materials>

            <texture id="inherit" length_s="1.0" length_t="1.0" />

            <children>
                <primitiveref id="goalBack" />
            </children>
        </component>
        <!-- END GOAL DEFINITION -->

        <component id="goalLeft">
            <transformation>
                <translate x="0.0" y="0.0" z="-9.0" />
            </transformation>

            <materials>
                <material id="bars" />
            </materials>

            <texture id="bars" length_s="1.0" length_t="1.0" />

            <children>
                <componentref id="goal" />
            </children>
        </component>

        <component id="goalRight">
            <transformation>
                <translate x="0.0" y="0.0" z="9.0" />
                <rotate axis="y" angle="180" />             
            </transformation>

            <materials>
                <material id="bars" />
            </materials>

            <texture id="bars" length_s="1.0" length_t="1.0" />

            <children>
                <componentref id="goal" />
            </children>
        </component>
    
        <component id="topTorus" >
            <transformation>
                <translate x="0.0" y="10.0" z="0.0" />            
                <scale x="2.5" y="1.5" z="5.0" />
            </transformation>

            <materials>
                <material id="field" />
            </materials>

            <texture id="topTexTorus" length_s="1.0" length_t="1.0" />

            <children>
                <primitiveref id="torus" />
            </children>
        </component>

        <component id="cornerRight1">
            <transformation>
                <translate x="6.8" y="0.0" z="-10.5"/>
            </transformation>
            
            <materials>
                <material id="white" />
            </materials>

            <texture id="flag" length_s="1.0" length_t="1.0" />

            <children> 
                <componentref id="flag" />
                <componentref id="flagReverse" />
                <componentref id="stick" />
            </children>
        </component>

        <component id="cornerRight2">
            <transformation>
                <translate x="-6.8" y="0.0" z="-10.5"/>
            </transformation>
            
            <materials>
                <material id="white" />
            </materials>

            <texture id="flag" length_s="1.0" length_t="1.0" />

            <children> 
                <componentref id="flag" />
                <componentref id="flagReverse" />
                <componentref id="stick" />
            </children>
        </component>

        <component id="cornerLeft1">
            <transformation>
                <translate x="6.8" y="0.0" z="10.5"/>
            </transformation>
            
            <materials>
                <material id="white" />
            </materials>

            <texture id="flag" length_s="1.0" length_t="1.0" />

            <children> 
                <componentref id="flag" />
                <componentref id="flagReverse" />
                <componentref id="stick" />
            </children>
        </component>

        <component id="cornerLeft2">
            <transformation>
                <translate x="-6.8" y="0.0" z="10.5"/>
            </transformation>
            
            <materials>
                <material id="white" />
            </materials>

            <texture id="flag" length_s="1.0" length_t="1.0" />

            <children> 
                <componentref id="flag" />
                <componentref id="flagReverse" />
                <componentref id="stick" />
            </children>
        </component>


        <component id="flag">
            <transformation>
                <translate x="0.0" y="1.0" z="0.0"/>
                <scale x="0.1" y="0.1" z="0.1" />
                <rotate axis="z" angle="-90" />
            </transformation>
            
            <materials>
                <material id="white" />
            </materials>

            <texture id="flag" length_s="1.0" length_t="1.0" />

            <children> 
                <primitiveref id="triangle" />
            </children>
        </component>
        
        <component id="flagReverse">
            <transformation>
                <translate x="0.0" y="1.0" z="0.0"/>
                <scale x="0.1" y="0.1" z="0.1" />
                <rotate axis="z" angle="-90" />
                <rotate axis="x" angle="180" />
            </transformation>
            
            <materials>
                <material id="white" />
            </materials>

            <texture id="flag" length_s="1.0" length_t="1.0" />

            <children> 
                <primitiveref id="triangle" />
            </children>
        </component>
        
        <component id="stick">
            <transformation>            
                <scale x="0.2" y="1.0" z="0.2" />
                <rotate axis="x" angle="-90" />
            </transformation>

            <materials>
                <material id="white" />
            </materials>

            <texture id="stick" length_s="1.0" length_t="1.0" />

            <children>
                <primitiveref id="box" />
            </children>
        </component>            

    </components>


</yas>